{
  "timestamp": "2025-06-04T11:01:41.102765",
  "data_info": {
    "description": "NIR spectroscopic data for kiwi sweetness prediction",
    "features": "Near-infrared reflectance values at various wavelengths",
    "target": "Kiwi sweetness values"
  },
  "individual_model_results": {
    "PLS_Regression": {
      "PLS_Regression_cv_results": {
        "rmse_mean": 1.4036393196656385,
        "rmse_std": 0.15782845247130486,
        "mae_mean": 1.1032203243624312,
        "mae_std": 0.15796668215961576,
        "r2_mean": 0.3456690876558909,
        "r2_std": 0.12244412077521863,
        "cv_folds": 10,
        "n_samples": 420
      },
      "PLS_Regression_overall": {
        "rmse": 1.4124847468630954,
        "mae": 1.1032203243624312,
        "r2": 0.3665177749000965
      },
      "training_time_seconds": 0.01777791976928711,
      "model_info": {
        "model_type": "PLS Regression",
        "n_components": 16,
        "scale_features": true,
        "x_explained_variance_ratio": [
          0.9900337882789499,
          0.008372960947217473,
          0.000961274008323397,
          0.0003252395888817209,
          7.85269473396247e-05,
          6.29615043073698e-05,
          2.1297107465012535e-05,
          0.0001069624706183022,
          1.2611754827600207e-05,
          2.354181186030527e-06,
          8.688164448655001e-06,
          4.694742142967331e-06,
          2.8657232165276425e-06,
          2.3826522271290684e-06,
          1.1028891540249484e-06,
          2.2890396941081413e-06
        ],
        "cumulative_x_variance": [
          0.9900337882789499,
          0.9984067492261675,
          0.9993680232344908,
          0.9996932628233726,
          0.9997717897707122,
          0.9998347512750196,
          0.9998560483824847,
          0.9999630108531029,
          0.9999756226079305,
          0.9999779767891165,
          0.9999866649535651,
          0.9999913596957081,
          0.9999942254189246,
          0.9999966080711518,
          0.9999977109603058,
          0.9999999999999999
        ]
      }
    },
    "Random_Forest": {
      "Random_Forest_error": "'bool' object is not callable",
      "training_time_seconds": 0
    }
  },
  "model_comparison": {
    "comparison_table": [
      {
        "model": "PLS_Regression",
        "rmse_mean": 1.4036393196656385,
        "rmse_std": 0.15782845247130486,
        "mae_mean": 1.1032203243624312,
        "mae_std": 0.15796668215961576,
        "r2_mean": 0.3456690876558909,
        "r2_std": 0.12244412077521863,
        "overall_rmse": 1.4124847468630954,
        "overall_mae": 1.1032203243624312,
        "overall_r2": 0.3665177749000965,
        "training_time": 0.01777791976928711
      }
    ],
    "best_model": "PLS_Regression",
    "best_r2": 0.3456690876558909,
    "best_rmse": 1.4036393196656385
  },
  "methodology": {
    "cross_validation_folds": 5,
    "metrics": [
      "RMSE",
      "MAE",
      "R\u00b2"
    ],
    "preprocessing": "Model-specific feature scaling and preprocessing"
  }
}