{
  "timestamp": "2025-06-04T12:03:32.644723",
  "data_info": {
    "description": "NIR spectroscopic data for kiwi sweetness prediction",
    "features": "Near-infrared reflectance values at various wavelengths",
    "target": "Kiwi sweetness values"
  },
  "individual_model_results": {
    "PLS_Regression": {
      "PLS_Regression_cv_results": {
        "rmse_mean": 1.4036393196656385,
        "rmse_std": 0.15782845247130486,
        "mae_mean": 1.1032203243624312,
        "mae_std": 0.15796668215961576,
        "r2_mean": 0.3456690876558909,
        "r2_std": 0.12244412077521863,
        "cv_folds": 10,
        "n_samples": 420
      },
      "PLS_Regression_overall": {
        "rmse": 1.4124847468630954,
        "mae": 1.1032203243624312,
        "r2": 0.3665177749000965
      },
      "training_time_seconds": 0.01765298843383789,
      "model_info": {
        "model_type": "PLS Regression",
        "n_components": 16,
        "scale_features": true,
        "x_explained_variance_ratio": [
          0.9900337882789499,
          0.008372960947217473,
          0.000961274008323397,
          0.0003252395888817209,
          7.85269473396247e-05,
          6.29615043073698e-05,
          2.1297107465012535e-05,
          0.0001069624706183022,
          1.2611754827600207e-05,
          2.354181186030527e-06,
          8.688164448655001e-06,
          4.694742142967331e-06,
          2.8657232165276425e-06,
          2.3826522271290684e-06,
          1.1028891540249484e-06,
          2.2890396941081413e-06
        ],
        "cumulative_x_variance": [
          0.9900337882789499,
          0.9984067492261675,
          0.9993680232344908,
          0.9996932628233726,
          0.9997717897707122,
          0.9998347512750196,
          0.9998560483824847,
          0.9999630108531029,
          0.9999756226079305,
          0.9999779767891165,
          0.9999866649535651,
          0.9999913596957081,
          0.9999942254189246,
          0.9999966080711518,
          0.9999977109603058,
          0.9999999999999999
        ]
      }
    },
    "Random_Forest": {
      "Random_Forest_cv_results": {
        "rmse_mean": 1.6451847866928457,
        "rmse_std": 0.23015834821588116,
        "mae_mean": 1.2815285714285714,
        "mae_std": 0.19729414507921852,
        "r2_mean": 0.11142349204421305,
        "r2_std": 0.14762072077853014,
        "cv_folds": 10,
        "n_samples": 420
      },
      "Random_Forest_overall": {
        "rmse": 1.6612061424215379,
        "mae": 1.2815285714285714,
        "r2": 0.12377839628781706
      },
      "training_time_seconds": 0.810086727142334,
      "model_info": {
        "model_type": "Random Forest Regression",
        "n_estimators": 50,
        "max_depth": 10,
        "min_samples_split": 2,
        "min_samples_leaf": 1,
        "max_features": "sqrt",
        "scale_features": false,
        "oob_score": 0.09320754103357698,
        "best_hyperparameters": {
          "max_depth": 10,
          "max_features": null,
          "min_samples_leaf": 2,
          "min_samples_split": 10,
          "n_estimators": 50
        }
      }
    },
    "SVR": {
      "SVR_cv_results": {
        "rmse_mean": 1.6282439728945555,
        "rmse_std": 0.16714707206197818,
        "mae_mean": 1.2740617526648896,
        "mae_std": 0.1477806029051472,
        "r2_mean": 0.1297165303189926,
        "r2_std": 0.07849731283719726,
        "cv_folds": 10,
        "n_samples": 420
      },
      "SVR_overall": {
        "rmse": 1.636800714493471,
        "mae": 1.2740617526648896,
        "r2": 0.14933510255489024
      },
      "training_time_seconds": 0.06732511520385742,
      "model_info": {
        "model_type": "Support Vector Regression",
        "kernel": "rbf",
        "C": 100,
        "epsilon": 0.1,
        "gamma": 0.01,
        "n_support_vectors": 397,
        "support_vector_ratio": 1.0,
        "best_hyperparameters": {
          "C": 100,
          "epsilon": 0.1,
          "gamma": 0.01,
          "kernel": "rbf"
        }
      }
    },
    "XGBoost": {
      "XGBoost_error": "'bool' object is not callable",
      "training_time_seconds": 0
    },
    "1D_CNN": {
      "1D_CNN_cv_results": {
        "rmse_mean": 3.0099400502673315,
        "rmse_std": 0.35725194604790894,
        "mae_mean": 2.4097191214561464,
        "mae_std": 0.3148945450980639,
        "r2_mean": -1.9828803539276123,
        "r2_std": 0.46062212639749345,
        "cv_folds": 10,
        "n_samples": 420
      },
      "1D_CNN_overall": {
        "rmse": 3.031067168449189,
        "mae": 2.409719076610747,
        "r2": -1.9171449482770457
      },
      "training_time_seconds": 45.69119429588318,
      "model_info": {
        "model_type": "1D Convolutional Neural Network",
        "input_shape": [
          160,
          1
        ],
        "epochs": 50,
        "batch_size": 32,
        "learning_rate": 0.001,
        "total_parameters": 60993,
        "trainable_parameters": "60545",
        "epochs_trained": 50,
        "final_training_loss": 8.005509376525879,
        "final_validation_loss": 3.2245090007781982,
        "best_validation_loss": 3.006258249282837
      }
    }
  },
  "model_comparison": {
    "comparison_table": [
      {
        "model": "PLS_Regression",
        "rmse_mean": 1.4036393196656385,
        "rmse_std": 0.15782845247130486,
        "mae_mean": 1.1032203243624312,
        "mae_std": 0.15796668215961576,
        "r2_mean": 0.3456690876558909,
        "r2_std": 0.12244412077521863,
        "overall_rmse": 1.4124847468630954,
        "overall_mae": 1.1032203243624312,
        "overall_r2": 0.3665177749000965,
        "training_time": 0.01765298843383789
      },
      {
        "model": "SVR",
        "rmse_mean": 1.6282439728945555,
        "rmse_std": 0.16714707206197818,
        "mae_mean": 1.2740617526648896,
        "mae_std": 0.1477806029051472,
        "r2_mean": 0.1297165303189926,
        "r2_std": 0.07849731283719726,
        "overall_rmse": 1.636800714493471,
        "overall_mae": 1.2740617526648896,
        "overall_r2": 0.14933510255489024,
        "training_time": 0.06732511520385742
      },
      {
        "model": "Random_Forest",
        "rmse_mean": 1.6451847866928457,
        "rmse_std": 0.23015834821588116,
        "mae_mean": 1.2815285714285714,
        "mae_std": 0.19729414507921852,
        "r2_mean": 0.11142349204421305,
        "r2_std": 0.14762072077853014,
        "overall_rmse": 1.6612061424215379,
        "overall_mae": 1.2815285714285714,
        "overall_r2": 0.12377839628781706,
        "training_time": 0.810086727142334
      },
      {
        "model": "1D_CNN",
        "rmse_mean": 3.0099400502673315,
        "rmse_std": 0.35725194604790894,
        "mae_mean": 2.4097191214561464,
        "mae_std": 0.3148945450980639,
        "r2_mean": -1.9828803539276123,
        "r2_std": 0.46062212639749345,
        "overall_rmse": 3.031067168449189,
        "overall_mae": 2.409719076610747,
        "overall_r2": -1.9171449482770457,
        "training_time": 45.69119429588318
      }
    ],
    "best_model": "PLS_Regression",
    "best_r2": 0.3456690876558909,
    "best_rmse": 1.4036393196656385
  },
  "methodology": {
    "cross_validation_folds": 5,
    "metrics": [
      "RMSE",
      "MAE",
      "R\u00b2"
    ],
    "preprocessing": "Model-specific feature scaling and preprocessing"
  }
}