model,y_bin,rmse,mae,n
PINN,12-14,1.1276610057422194,0.9592822685241699,150
PINN,<12,1.5858615948779038,1.2475856088165542,234
PINN,>14,3.3650645541336317,3.2317409515380864,36
PLS,12-14,1.1090751824338538,0.8475392357510878,150
PLS,<12,1.415051424377506,1.1074573887728631,234
PLS,>14,2.327009986561137,2.1460239027694796,36
