model,y_bin,rmse,mae,n
PINN,12-14,1.2995335038691131,1.1163374277750653,150
PINN,<12,1.4065658743201153,1.0819457983359313,234
PINN,>14,3.5992052942873487,3.45339494281345,36
PLS,12-14,1.1262956932188977,0.8476519272188545,150
PLS,<12,1.4128999586191866,1.102237440080943,234
PLS,>14,2.28288413634242,2.1246859439751757,36
