protocol,held_out,model,rmse,mae,r2
LOBO,kiwi-1.csv,PLS,1.5055280428505695,1.1876388236754003,0.2803114406850731
LOBO,kiwi-1.csv,PINN,1.6619689521970609,1.2944780349731446,0.12297350657911088
LOBO,kiwi-2.csv,PLS,1.484465509097029,1.143056943234687,0.300307654233537
LOBO,kiwi-2.csv,PINN,1.6771961808094986,1.316797786440168,0.10682896695911315
LOBO,kiwi-3.csv,PLS,1.2597211458281614,0.9802526247700155,0.4961332048550662
LOBO,kiwi-3.csv,PINN,1.7037284401428612,1.332795942851475,0.0783465642977168
